"","year","department","county","ft_so_m","ft_so_f","ft_c_m","ft_c_f","pt_so","pt_c","us_so_ft","us_so_pt","us_c_ft","us_c_pt","pop_covered","so_per_1000","num_res_so","total_crime","total_so","total_c","crime_per_1000","total_so_change"
"1",2007,"Alliance PD","Box Butte",15,2,0,7,0,0,2,0,1,0,8054,2.1,0,361,17,7,0.0448224484728085,0
"2",2007,"Beatrice PD","Gage",16,5,3,8,0,3,1,0,0,0,12972,1.6,0,768,21,11,0.059204440333025,1
"3",2007,"Bellevue PD","Sarpy",80,6,7,9,0,8,1,0,1,0,48067,1.8,0,2354,86,16,0.0489733080907899,5
"4",2007,"Blair PD","Washington",15,0,0,2,2,0,0,0,0,0,7962,1.9,0,217,15,2,0.0272544586787239,2
"5",2007,"Chadron PD","Dawes",10,2,2,3,0,4,2,0,0,0,5158,2.3,0,195,12,5,0.0378053509112059,1
"6",2007,"Columbus PD","Platte",30,3,2,11,0,0,2,0,0,0,21420,1.5,0,818,33,13,0.0381886087768441,0
"7",2007,"Crete PD","Saline",9,2,1,6,2,0,0,0,0,0,6345,1.7,0,296,11,7,0.0466509062253743,0
"8",2007,"Fremont PD","Dodge",35,3,1,8,3,5,0,0,0,0,25423,1.5,3,1103,38,9,0.043385910396098,2
"9",2007,"Gering PD","Scotts Bluff",14,1,0,3,0,3,0,0,0,0,7677,2,0,309,15,3,0.0402500976944119,0
"10",2007,"Grand Island PD","Hall",70,5,0,10,0,8,0,0,0,0,44812,1.7,0,2919,75,10,0.0651388021065786,0
"11",2007,"Hastings PD","Adams",34,4,1,13,0,2,1,0,0,0,25250,1.5,3,1302,38,14,0.0515643564356436,-2
"12",2007,"Holdrege PD","Phelps",10,0,1,5,0,0,0,0,0,0,5281,1.9,0,236,10,6,0.0446885059647794,0
"13",2007,"Kearney PD","Buffalo",45,2,5,7,0,1,5,0,3,0,29652,1.6,0,1479,47,12,0.0498785916632942,4
"14",2007,"LaVista PD","Sarpy",28,3,0,4,0,1,0,0,0,0,16816,1.8,0,512,31,4,0.0304471931493815,0
"15",2007,"Lexington PD","Dawson",14,1,0,2,0,0,0,0,0,0,10262,1.5,0,607,15,2,0.0591502631066069,1
"16",2007,"Lincoln PD","Lancaster",262,46,21,74,0,5,9,0,0,0,243243,1.3,0,16625,308,95,0.0683472905695128,6
"17",2007,"McCook PD","Red Willow",15,0,0,4,0,2,0,0,0,0,7491,2,0,437,15,4,0.0583366706714724,1
"18",2007,"Nebraska City PD","Otoe",9,3,0,1,1,0,1,0,0,0,7106,1.7,0,353,12,1,0.0496763298620884,0
"19",2007,"Norfolk PD","Madison",35,1,3,17,0,1,4,0,0,0,23977,1.5,0,947,36,20,0.0394961838428494,0
"20",2007,"North Platte PD","Lincoln",42,0,5,20,0,1,0,0,0,0,24436,1.7,0,2221,42,25,0.0908904894418072,0
"21",2007,"Omaha PD","Douglas",607,148,44,121,30,24,67,0,31,0,431810,1.7,0,27778,755,165,0.0643292188694102,0
"22",2007,"Papillion PD","Sarpy",27,6,1,3,0,1,3,0,0,0,21748,1.5,0,588,33,4,0.027036968916682,0
"23",2007,"Plattsmouth PD","Cass",15,0,0,0,0,0,1,0,0,0,7070,2.1,5,294,15,0,0.0415841584158416,0
"24",2007,"Ralston PD","Sarpy",13,0,0,2,0,0,0,0,0,0,6144,2.1,0,232,13,2,0.0377604166666667,0
"25",2007,"Schuyler PD","Colfax",6,0,0,2,0,0,2,0,0,0,5194,1.2,0,161,6,2,0.0309973045822102,0
"26",2007,"Scottsbluff PD","Scotts Bluff",30,2,1,4,0,0,0,0,0,0,14719,2.2,0,1206,32,5,0.0819349140566615,0
"27",2007,"Seward PD","Seward",9,0,1,1,0,0,2,0,0,0,6922,1.3,0,116,9,2,0.0167581623808148,0
"28",2007,"Sidney PD","Cheyenne",12,0,0,2,0,1,2,0,0,1,6386,1.9,0,277,12,2,0.0433761352959599,0
"29",2007,"So Sioux City PD","Dakota",26,1,0,1,0,2,2,0,0,0,12139,2.2,0,313,27,1,0.0257846610099679,0
"30",2007,"Wayne PD","Wayne",8,1,1,4,1,0,0,0,0,0,5136,1.8,0,173,9,5,0.033683800623053,0
"31",2007,"York PD","York",14,0,1,5,0,0,0,0,0,0,7921,1.8,0,303,14,6,0.038252745865421,0
"32",2008,"Alliance PD","Box Butte",16,1,0,5,0,1,2,0,2,0,7963,2.1,0,323,17,5,0.0405626020344091,0
"33",2008,"Beatrice PD","Gage",17,5,3,7,0,0,0,0,0,0,12913,1.7,0,796,22,10,0.0616433051963138,0
"34",2008,"Bellevue PD","Sarpy",85,6,7,12,0,7,0,0,2,2,48894,1.9,0,2484,91,19,0.0508037796048595,7
"35",2008,"Blair PD","Washington",17,0,1,2,2,2,0,0,0,0,7914,2.1,0,212,17,3,0.0267879706848623,0
"36",2008,"Chadron PD","Dawes",12,1,1,5,0,2,0,0,0,0,5473,2.4,0,313,13,6,0.057189841037822,1
"37",2008,"Columbus PD","Platte",30,3,3,13,0,0,2,0,0,0,21438,1.5,0,819,33,16,0.0382031905961377,3
"38",2008,"Crete PD","Saline",9,2,2,5,1,1,1,0,0,0,6292,1.7,3,349,11,7,0.0554672600127146,0
"39",2008,"Fremont PD","Dodge",37,3,1,8,4,3,0,0,0,0,25362,1.6,4,1354,40,9,0.0533869568646006,1
"40",2008,"Gering PD","Scotts Bluff",14,1,0,3,0,0,0,0,0,0,7633,2,0,264,15,3,0.0345866631730643,0
"41",2008,"Grand Island PD","Hall",70,5,1,10,0,8,0,0,0,0,45022,1.7,0,3082,75,11,0.0684554217937897,0
"42",2008,"Hastings PD","Adams",31,5,1,13,0,2,3,0,0,0,25428,1.4,3,1530,36,14,0.060169891458235,0
"43",2008,"Holdrege PD","Phelps",10,0,1,5,0,0,0,0,0,0,5116,2,0,190,10,6,0.0371383893666927,0
"44",2008,"Kearney PD","Buffalo",48,3,5,10,0,1,1,0,0,0,31086,1.6,0,1319,51,15,0.042430676188638,1
"45",2008,"LaVista PD","Sarpy",28,3,0,4,0,1,2,0,0,0,17103,1.8,0,469,31,4,0.0274220896918669,2
"46",2008,"Lexington PD","Dawson",15,1,0,2,0,0,0,0,0,0,10172,1.6,0,648,16,2,0.0637042862760519,-3
"47",2008,"Lincoln PD","Lancaster",265,49,25,75,0,7,3,0,0,0,251550,1.2,0,14980,314,100,0.0595507851321805,5
"48",2008,"McCook PD","Red Willow",16,0,0,4,1,2,0,0,0,0,7401,2.2,0,368,16,4,0.0497230104039995,0
"49",2008,"Nebraska City PD","Otoe",12,3,0,1,0,0,0,0,0,0,7049,2.1,0,316,15,1,0.0448290537664917,0
"50",2008,"Norfolk PD","Madison",34,3,1,15,0,0,3,0,1,0,23096,1.6,0,1029,37,16,0.0445531693799792,0
"51",2008,"North Platte PD","Lincoln",42,0,5,20,0,1,0,0,0,0,24098,1.7,0,301,42,25,0.0124906631255706,0
"52",2008,"Omaha PD","Douglas",601,147,35,110,43,21,78,0,51,0,437238,1.7,0,26023,748,145,0.0595167849089054,0
"53",2008,"Papillion PD","Sarpy",32,6,1,3,0,1,0,0,0,0,22833,1.7,0,627,38,4,0.027460254894232,0
"54",2008,"Plattsmouth PD","Cass",15,0,0,2,0,0,0,0,0,0,6932,2.2,5,313,15,2,0.0451529140219273,0
"55",2008,"Ralston PD","Sarpy",13,0,0,2,0,0,0,0,0,0,6087,2.1,0,266,13,2,0.0436996878593724,0
"56",2008,"Schuyler PD","Colfax",6,1,0,2,0,0,1,0,0,0,5111,1.4,0,0,7,2,0,0
"57",2008,"Scottsbluff PD","Scotts Bluff",28,1,1,4,0,8,3,0,0,0,14667,2,0,1189,29,5,0.0810663394013772,0
"58",2008,"Seward PD","Seward",11,0,1,1,0,0,0,0,0,0,6759,1.6,0,161,11,2,0.0238200917295458,0
"59",2008,"Sidney PD","Cheyenne",14,0,0,2,0,1,0,0,0,0,6492,2.2,0,184,14,2,0.0283425754775108,0
"60",2008,"So Sioux City PD","Dakota",27,1,0,1,0,1,0,0,0,0,12005,2.3,0,359,28,1,0.0299042065805914,0
"61",2008,"Wayne PD","Wayne",8,1,1,4,1,1,0,0,0,0,5257,1.7,0,140,9,5,0.0266311584553928,0
"62",2008,"York PD","York",14,0,1,5,0,0,0,0,0,0,7884,1.8,0,270,14,6,0.0342465753424658,0
"63",2009,"Alliance PD","Box Butte",15,2,0,7,0,2,1,0,0,0,8024,2.1,0,315,17,7,0.0392572283150548,0
"64",2009,"Beatrice PD","Gage",17,5,3,7,0,2,0,0,0,0,12793,1.7,0,717,22,10,0.0560462753068084,-1
"65",2009,"Bellevue PD","Sarpy",93,5,5,12,0,7,7,0,3,2,50311,1.9,0,2302,98,17,0.0457554014032717,3
"66",2009,"Blair PD","Washington",17,0,0,2,2,0,0,0,0,0,7820,2.2,0,223,17,2,0.0285166240409207,0
"67",2009,"Chadron PD","Dawes",12,2,1,4,0,5,0,0,0,0,5409,2.6,0,238,14,5,0.044000739508227,0
"68",2009,"Columbus PD","Platte",33,3,2,13,0,0,1,0,1,0,21652,1.7,0,626,36,15,0.0289118788102716,-3
"69",2009,"Crete PD","Saline",9,2,1,5,0,1,0,0,0,0,6258,1.8,3,287,11,6,0.0458612975391499,-1
"70",2009,"Fremont PD","Dodge",39,2,1,9,4,7,0,0,0,0,25220,1.6,4,1286,41,10,0.0509912767644726,-2
"71",2009,"Gering PD","Scotts Bluff",14,1,0,3,0,2,0,0,0,1,7672,2,0,264,15,3,0.0344108446298227,0
"72",2009,"Grand Island PD","Hall",70,5,1,10,0,10,0,0,0,0,46083,1.6,0,3170,75,11,0.0687889243321832,-3
"73",2009,"Hastings PD","Adams",31,5,1,13,0,2,3,0,0,0,25476,1.4,2,1344,36,14,0.0527555346208196,0
"74",2009,"Holdrege PD","Phelps",10,0,1,5,0,0,0,0,0,0,5122,2,0,188,10,6,0.0367044123389301,0
"75",2009,"Kearney PD","Buffalo",49,3,5,8,0,1,0,0,0,0,30759,1.7,0,1502,52,13,0.0488312363860984,0
"76",2009,"LaVista PD","Sarpy",30,3,0,4,0,1,0,0,0,0,17293,1.9,0,508,33,4,0.0293760481119528,0
"77",2009,"Lexington PD","Dawson",12,1,0,2,0,0,3,0,0,0,10138,1.3,0,599,13,2,0.0590846320773328,3
"78",2009,"Lincoln PD","Lancaster",270,49,28,67,0,12,2,0,4,0,254438,1.3,0,14746,319,95,0.0579551796508383,6
"79",2009,"McCook PD","Red Willow",16,0,0,4,0,2,0,0,0,0,7377,2.2,0,322,16,4,0.0436491798834214,0
"80",2009,"Nebraska City PD","Otoe",12,2,0,1,0,0,0,0,0,0,7011,2,0,321,14,1,0.0457851946940522,0
"81",2009,"Norfolk PD","Madison",36,2,3,15,0,0,0,0,2,0,22892,1.7,0,1049,38,18,0.0458238686003844,0
"82",2009,"North Platte PD","Lincoln",42,0,5,20,0,1,0,0,0,0,24127,1.7,0,1569,42,25,0.065030878269159,0
"83",2009,"Omaha PD","Douglas",624,145,35,109,42,24,71,0,35,0,443037,1.7,0,25017,769,144,0.0564670670846904,0
"84",2009,"Papillion PD","Sarpy",33,6,1,3,0,1,0,0,0,0,24390,1.6,0,641,39,4,0.0262812628126281,0
"85",2009,"Plattsmouth PD","Cass",15,0,0,2,0,0,1,0,0,0,6902,2.2,4,48,15,2,0.00695450594030716,0
"86",2009,"Ralston PD","Sarpy",11,0,0,2,0,0,2,0,0,0,6077,1.8,0,213,11,2,0.0350501892381109,0
"87",2009,"Schuyler PD","Colfax",6,2,0,2,0,0,1,0,0,0,5136,1.6,0,0,8,2,0,0
"88",2009,"Scottsbluff PD","Scotts Bluff",28,2,1,4,0,0,2,0,0,0,14773,2,0,1049,30,5,0.0710079198537873,0
"89",2009,"Seward PD","Seward",9,0,1,1,4,0,2,0,0,0,6883,1.3,0,154,9,2,0.0223739648409124,0
"90",2009,"Sidney PD","Cheyenne",13,0,0,2,0,1,1,0,0,0,6514,2,0,127,13,2,0.0194964691433835,0
"91",2009,"Wayne PD","Wayne",8,1,3,3,1,1,0,0,0,0,5268,1.7,0,121,9,6,0.0229688686408504,0
"92",2009,"York PD","York",14,0,1,5,0,0,0,0,0,0,7847,1.8,0,253,14,6,0.0322416210016567,0
"93",2010,"Alliance PD","Box Butte",16,1,0,7,0,2,1,0,0,0,8491,2,0,296,17,7,0.0348604404663762,1
"94",2010,"Beatrice PD","Gage",17,4,4,6,0,1,0,0,0,0,12459,1.7,0,712,21,10,0.0571474436150574,0
"95",2010,"Bellevue PD","Sarpy",94,7,5,13,0,7,4,0,1,1,50137,2,0,2267,101,18,0.0452161078644514,-3
"96",2010,"Blair PD","Washington",17,0,0,2,2,0,0,0,0,0,7990,2.1,0,219,17,2,0.0274092615769712,0
"97",2010,"Chadron PD","Dawes",13,1,3,3,0,5,0,0,0,0,5851,2.4,0,271,14,6,0.0463168689112972,0
"98",2010,"Columbus PD","Platte",30,3,2,13,0,0,2,0,1,0,22111,1.5,0,683,33,15,0.0308896024603139,3
"99",2010,"Crete PD","Saline",8,2,1,5,2,1,1,0,0,0,6960,1.4,2,254,10,6,0.0364942528735632,1
"100",2010,"Fremont PD","Dodge",37,2,1,9,5,6,2,0,0,0,26397,1.5,5,1273,39,10,0.0482251771034587,-2
"101",2010,"Gering PD","Scotts Bluff",14,1,0,3,0,0,0,0,0,0,8500,1.8,0,255,15,3,0.03,0
"102",2010,"Grand Island PD","Hall",66,6,1,9,0,7,5,0,0,0,48520,1.5,0,3015,72,10,0.0621393239901072,5
"103",2010,"Hastings PD","Adams",32,4,0,12,0,4,2,0,0,0,24907,1.4,2,1235,36,12,0.0495844541695106,-1
"104",2010,"Holdrege PD","Phelps",10,0,1,5,0,0,0,0,0,0,5495,1.8,0,213,10,6,0.0387625113739763,0
"105",2010,"Kearney PD","Buffalo",48,4,5,9,0,0,1,0,0,0,30787,1.7,0,1348,52,14,0.0437847143274759,3
"106",2010,"LaVista PD","Sarpy",30,3,0,3,0,1,0,0,1,0,15758,2.1,0,406,33,3,0.0257646909506283,1
"107",2010,"Lexington PD","Dawson",15,1,0,2,0,0,1,0,0,0,10230,1.6,0,534,16,2,0.0521994134897361,0
"108",2010,"Lincoln PD","Lancaster",278,47,18,67,0,9,0,0,1,0,258379,1.3,0,15314,325,85,0.0592695226779266,2
"109",2010,"McCook PD","Red Willow",16,0,0,4,1,1,0,0,1,2,7698,2.1,0,295,16,4,0.0383216419849312,0
"110",2010,"Nebraska City PD","Otoe",14,1,0,1,0,0,0,0,0,0,7289,2.1,0,260,15,1,0.0356701879544519,0
"111",2010,"Norfolk PD","Madison",37,2,2,13,0,1,0,0,0,0,24210,1.6,0,1070,39,15,0.0441966129698472,0
"112",2010,"North Platte PD","Lincoln",41,0,5,20,0,1,1,0,0,0,24733,1.7,0,2198,41,25,0.0888691222253669,0
"113",2010,"Omaha PD","Douglas",641,148,34,95,37,27,31,0,49,0,408958,1.9,0,23719,789,129,0.0579986208852743,0
"114",2010,"Papillion PD","Sarpy",34,5,1,3,0,1,0,0,0,0,18894,2.1,0,536,39,4,0.0283687943262411,0
"115",2010,"Plattsmouth PD","Cass",14,0,0,3,0,0,2,0,0,3,6502,2.2,3,243,14,3,0.0373731159643187,0
"116",2010,"Ralston PD","Sarpy",11,2,0,2,0,0,0,0,0,0,5943,2.2,0,203,13,2,0.0341578327444052,0
"117",2010,"Schuyler PD","Colfax",6,2,0,2,0,0,0,0,0,0,6211,1.3,0,0,8,2,0,0
"118",2010,"Scottsbluff PD","Scotts Bluff",29,2,1,4,0,0,1,0,0,0,15039,2.1,0,1148,31,5,0.0763348626903385,0
"119",2010,"Seward PD","Seward",8,1,1,1,3,0,2,0,0,0,6964,1.3,0,123,9,2,0.0176622630672028,0
"120",2010,"So Sioux City PD","Dakota",26,1,0,1,0,2,1,0,0,0,13353,2,0,406,27,1,0.0304051524002097,0
"121",2010,"Sidney PD","Cheyenne",12,0,0,2,0,1,2,0,0,0,6757,1.8,0,147,12,2,0.0217552168121948,0
"122",2010,"Wayne PD","Wayne",8,1,2,3,1,1,0,0,0,0,5660,1.6,0,145,9,5,0.0256183745583039,0
"123",2010,"York PD","York",13,0,1,5,0,0,1,0,0,0,7766,1.7,0,255,13,6,0.0328354365181561,0
"124",2011,"Alliance PD","Box Butte",16,2,0,7,0,2,0,0,0,0,8567,2.1,0,318,18,7,0.0371191782420917,-1
"125",2011,"Beatrice PD","Gage",17,4,3,7,0,3,0,0,0,0,12570,1.7,0,677,21,10,0.0538583929992045,1
"126",2011,"Bellevue PD","Sarpy",90,8,3,12,0,9,0,0,2,0,50584,1.9,0,2034,98,15,0.040210343191523,-4
"127",2011,"Blair PD","Washington",17,0,1,2,2,2,0,0,0,0,8061,2.1,0,175,17,3,0.0217094653268825,-2
"128",2011,"Chadron PD","Dawes",13,1,3,3,0,2,0,0,0,0,5903,2.4,0,215,14,6,0.0364221582246315,-1
"129",2011,"Columbus PD","Platte",33,3,2,13,0,0,0,0,2,0,22308,1.6,0,689,36,15,0.0308857808857809,-1
"130",2011,"Crete PD","Saline",9,2,2,5,0,1,0,0,0,0,7022,1.6,3,287,11,7,0.0408715465679294,0
"131",2011,"Fremont PD","Dodge",35,2,1,9,4,4,3,0,0,0,26633,1.4,4,1142,37,10,0.0428791349078211,0
"132",2011,"Gering PD","Scotts Bluff",14,1,0,3,0,0,0,0,0,0,8576,1.7,0,205,15,3,0.0239039179104478,0
"133",2011,"Grand Island PD","Hall",71,6,1,10,0,5,0,0,0,2,48953,1.6,0,3149,77,11,0.0643270075378424,-1
"134",2011,"Hastings PD","Adams",30,5,0,11,0,5,3,0,1,0,25129,1.4,3,1341,35,11,0.0533646384655179,2
"135",2011,"Holdrege PD","Phelps",10,0,1,5,0,0,0,0,0,0,5544,1.8,0,183,10,6,0.033008658008658,-1
"136",2011,"Kearney PD","Buffalo",52,3,5,9,0,0,0,0,0,0,31062,1.8,0,1262,55,14,0.0406284205781984,-2
"137",2011,"LaVista PD","Sarpy",32,2,1,4,0,1,0,0,0,0,15899,2.1,0,450,34,5,0.0283036668972891,0
"138",2011,"Lexington PD","Dawson",15,1,0,2,0,0,2,0,0,0,10321,1.6,0,508,16,2,0.0492200368181378,2
"139",2011,"Lincoln PD","Lancaster",280,47,29,65,0,9,0,0,2,0,260685,1.3,0,15091,327,94,0.057889790360013,-7
"140",2011,"McCook PD","Red Willow",16,0,1,4,1,4,0,0,0,0,7767,2.1,0,305,16,5,0.0392687009141239,-1
"141",2011,"Nebraska City PD","Otoe",13,1,0,1,0,0,0,0,0,0,7354,1.9,0,266,14,1,0.0361707914060375,0
"142",2011,"Norfolk PD","Madison",37,1,4,16,0,0,0,0,0,0,24426,1.6,0,972,38,20,0.0397936624907885,0
"143",2011,"North Platte PD","Lincoln",39,0,4,19,0,1,3,0,2,0,24954,1.6,0,1875,39,23,0.0751382543880741,0
"144",2011,"Omaha PD","Douglas",632,146,36,110,36,28,11,0,29,0,412608,1.9,0,25255,778,146,0.0612082170001551,0
"145",2011,"Papillion PD","Sarpy",33,5,1,3,0,1,1,0,0,0,19063,2,0,505,38,4,0.0264911084299428,0
"146",2011,"Plattsmouth PD","Cass",14,0,0,3,0,0,0,0,0,0,6560,2.1,3,274,14,3,0.0417682926829268,0
"147",2011,"Ralston PD","Sarpy",11,2,0,2,0,0,0,0,0,0,5996,2.2,0,229,13,2,0.0381921280853903,0
"148",2011,"Schuyler PD","Colfax",7,1,0,2,0,0,0,0,0,0,6266,1.3,0,0,8,2,0,0
"149",2011,"Scottsbluff PD","Scotts Bluff",29,2,1,4,0,0,0,0,0,0,15173,2,0,1008,31,5,0.0664337968760298,0
"150",2011,"Seward PD","Seward",10,1,1,1,0,0,0,0,0,0,7026,1.6,2,144,11,2,0.0204953031596926,0
"151",2011,"Sidney PD","Cheyenne",14,0,0,2,0,1,0,0,0,0,6817,2.1,0,114,14,2,0.0167228986357635,0
"152",2011,"So Sioux City PD","Dakota",26,1,0,1,0,2,0,0,0,0,13472,2,0,491,27,1,0.0364459619952494,0
"153",2011,"Wayne PD","Wayne",5,1,2,2,0,0,3,1,1,1,5711,1.1,0,0,6,4,0,0
"154",2011,"York PD","York",13,0,1,5,0,0,1,0,0,0,7835,1.7,0,259,13,6,0.0330567964262923,0
"155",2012,"Alliance PD","Box Butte",15,2,0,8,0,0,1,0,0,0,8608,2,0,0,17,8,0,-1
"156",2012,"Beatrice PD","Gage",18,4,4,6,0,0,0,0,0,0,12388,1.8,0,641,22,10,0.0517436228608331,-1
"157",2012,"Bellevue PD","Sarpy",86,8,5,9,0,8,2,0,2,1,51678,1.8,0,1893,94,14,0.036630674561709,0
"158",2012,"Blair PD","Washington",15,0,1,2,2,2,2,0,0,0,8069,1.9,0,197,15,3,0.0244144255793779,0
"159",2012,"Chadron PD","Dawes",11,2,4,2,0,1,1,0,0,1,5901,2.2,0,248,13,6,0.0420267751228605,1
"160",2012,"Columbus PD","Platte",32,3,2,14,0,0,1,0,1,0,22537,1.6,0,624,35,16,0.027687802280694,1
"161",2012,"Crete PD","Saline",9,2,2,4,0,1,0,0,0,0,7077,1.6,3,325,11,6,0.0459234138759361,0
"162",2012,"Fremont PD","Dodge",35,2,1,9,0,6,2,0,0,0,26641,1.4,4,1067,37,10,0.0400510491347922,-2
"163",2012,"Gering PD","Scotts Bluff",14,1,0,3,0,0,0,0,0,0,8578,1.7,0,192,15,3,0.0223828398228025,-1
"164",2012,"Grand Island PD","Hall",70,6,1,9,0,7,6,5,4,0,49583,1.5,0,3059,76,10,0.0616945324002178,8
"165",2012,"Hastings PD","Adams",32,5,0,11,0,6,2,0,1,0,24961,1.5,3,1431,37,11,0.0573294339169104,1
"166",2012,"Holdrege PD","Phelps",9,0,1,5,0,0,1,0,0,0,5531,1.6,0,186,9,6,0.0336286385825348,1
"167",2012,"Kearney PD","Buffalo",51,2,4,8,0,0,1,0,1,0,31392,1.7,0,1270,53,12,0.0404561671763507,0
"168",2012,"LaVista PD","Sarpy",32,2,2,3,0,1,0,0,0,0,16242,2.1,0,389,34,5,0.0239502524319665,-1
"169",2012,"Lexington PD","Dawson",17,1,0,2,0,0,0,0,0,0,10329,1.7,0,459,18,2,0.0444379901248911,0
"170",2012,"Lincoln PD","Lancaster",273,47,28,66,0,10,0,0,0,0,264175,1.2,0,15469,320,94,0.0585558815179332,1
"171",2012,"McCook PD","Red Willow",14,1,1,4,1,2,1,0,0,1,7735,1.9,0,341,15,5,0.0440853264382676,1
"172",2012,"Nebraska City PD","Otoe",13,1,0,1,0,0,2,0,0,0,7366,1.9,0,309,14,1,0.0419494976920988,0
"173",2012,"Norfolk PD","Madison",36,1,3,14,0,0,1,0,0,0,24418,1.5,0,1066,37,17,0.0436563191088541,0
"174",2012,"North Platte PD","Lincoln",40,1,4,21,0,1,1,0,0,0,24806,1.7,0,1883,41,25,0.0759090542610659,0
"175",2012,"Omaha PD","Douglas",646,149,38,110,36,25,4,0,25,0,417970,1.9,0,25663,795,148,0.0613991434791971,0
"176",2012,"Papillion PD","Sarpy",34,5,1,3,0,1,0,0,0,0,19466,2,0,629,39,4,0.0323127504366588,0
"177",2012,"Plattsmouth PD","Cass",13,1,0,3,0,0,0,0,0,0,6534,2.1,2,274,14,3,0.041934496479951,0
"178",2012,"Ralston PD","Sarpy",11,2,0,2,0,0,0,0,0,0,6077,2.1,0,304,13,2,0.0500246832318578,0
"179",2012,"Schuyler PD","Colfax",7,1,0,2,0,0,0,0,0,0,6313,1.3,0,0,8,2,0,0
"180",2012,"Scottsbluff PD","Scotts Bluff",26,2,1,4,0,0,4,0,0,0,15174,1.8,0,779,28,5,0.0513378146830104,0
"181",2012,"Seward PD","Seward",10,1,1,1,1,0,0,0,0,0,6995,1.6,0,158,11,2,0.0225875625446748,0
"182",2012,"Sidney PD","Cheyenne",14,0,0,2,0,1,0,0,0,0,6789,2.1,0,183,14,2,0.0269553689792311,0
"183",2012,"So Sioux City PD","Dakota",26,1,0,1,0,2,0,0,0,0,13386,2,0,483,27,1,0.0360824742268041,0
"184",2012,"Wayne PD","Wayne",7,0,4,1,1,0,2,0,0,0,5652,1.2,0,0,7,5,0,0
"185",2012,"York PD","York",13,0,1,5,0,0,1,0,0,0,7857,1.7,0,261,13,6,0.0332187857961054,0
"186",2013,"Alliance PD","Box Butte",15,1,0,6,0,0,0,0,1,0,8510,1.9,0,281,16,6,0.0330199764982374,-1
"187",2013,"Beatrice PD","Gage",18,3,4,6,0,2,0,0,0,0,12055,1.7,0,579,21,10,0.0480298631273331,-1
"188",2013,"Bellevue PD","Sarpy",88,6,6,9,0,8,2,0,1,1,53023,1.8,0,1727,94,15,0.0325707711747732,-1
"189",2013,"Blair PD","Washington",15,0,1,2,2,2,2,1,0,0,7978,1.9,0,205,15,3,0.025695663073452,1
"190",2013,"Chadron PD","Dawes",12,2,3,3,0,1,0,0,0,0,5845,2.4,0,309,14,6,0.0528656971770744,0
"191",2013,"Columbus PD","Platte",33,3,2,14,0,0,0,0,0,1,22624,1.6,0,664,36,16,0.0293493635077793,0
"192",2013,"Crete PD","Saline",9,2,4,1,3,2,1,0,0,0,7238,1.6,0,340,11,5,0.0469743022934512,1
"193",2013,"Fremont PD","Dodge",33,2,0,4,1,0,4,0,1,0,26098,1.3,3,1103,35,4,0.0422637750019159,-1
"194",2013,"Gering PD","Scotts Bluff",14,0,0,3,0,0,1,0,0,0,8480,1.6,0,226,14,3,0.0266509433962264,2
"195",2013,"Grand Island PD","Hall",76,8,1,13,0,6,3,0,0,1,50441,1.7,0,3013,84,14,0.059733153585377,3
"196",2013,"Hastings PD","Adams",33,5,1,13,0,4,0,0,0,0,25012,1.5,3,1375,38,14,0.0549736126659204,-2
"197",2013,"Holdrege PD","Phelps",10,0,2,4,0,0,0,0,0,0,5548,1.8,0,220,10,6,0.0396539293439077,0
"198",2013,"Kearney PD","Buffalo",51,2,4,9,0,0,0,0,0,0,32113,1.7,0,1236,53,13,0.0384890854171208,-2
"199",2013,"LaVista PD","Sarpy",31,2,1,4,0,1,1,0,0,0,17790,2,0,339,33,5,0.0190556492411467,2
"200",2013,"Lexington PD","Dawson",17,1,0,2,0,0,1,0,0,0,10204,1.7,0,439,18,2,0.0430223441787534,1
"201",2013,"Lincoln PD","Lancaster",270,51,47,88,0,12,0,0,15,0,267565,1.2,0,14439,321,135,0.0539644572346906,-1
"202",2013,"McCook PD","Red Willow",14,2,1,4,0,2,0,0,0,0,7639,2.1,0,292,16,5,0.0382248985469302,-1
"203",2013,"Nebraska City PD","Otoe",12,1,0,1,0,0,0,0,0,0,7269,1.8,0,309,13,1,0.0425092860090797,0
"204",2013,"Norfolk PD","Madison",38,0,4,16,0,0,0,0,0,0,24362,1.6,0,1063,38,20,0.0436335276249897,0
"205",2013,"North Platte PD","Lincoln",39,1,3,21,0,1,2,0,1,0,24551,1.6,0,1807,40,24,0.0736018899433832,0
"206",2013,"Omaha PD","Douglas",624,143,36,98,37,23,37,0,23,0,425076,1.8,0,25570,767,134,0.0601539489408953,0
"207",2013,"Papillion PD","Sarpy",35,4,1,3,0,1,0,0,0,0,21274,2,0,557,39,4,0.0261821942276958,0
"208",2013,"Plattsmouth PD","Cass",13,1,0,3,0,0,0,0,0,0,6422,2.1,2,203,14,3,0.0316100903145438,0
"209",2013,"Ralston PD","Sarpy",12,1,0,2,0,0,0,0,0,0,7662,2.1,0,310,13,2,0.0404594100756983,0
"210",2013,"Schuyler PD","Colfax",7,1,0,2,0,0,0,0,0,0,6303,1.3,0,0,8,2,0,0
"211",2013,"Scottsbluff PD","Scotts Bluff",26,3,1,4,0,0,3,0,0,0,15057,1.9,0,952,29,5,0.0632264063226406,0
"212",2013,"Seward PD","Seward",10,1,1,1,1,0,0,0,0,0,7063,1.6,0,176,11,2,0.024918589834348,0
"213",2013,"Sidney PD","Cheyenne",14,0,0,2,0,1,0,0,0,0,6831,2.1,0,162,14,2,0.0237154150197628,0
"214",2013,"So Sioux City PD","Dakota",26,1,0,1,0,1,0,0,0,0,13407,2,0,338,27,1,0.0252107108227046,0
"215",2013,"Wayne PD","Wayne",6,0,3,2,1,0,2,0,0,0,5656,1.1,0,0,6,5,0,0
"216",2013,"York PD","York",15,0,1,5,0,0,0,0,0,0,7875,1.9,0,253,15,6,0.0321269841269841,0
"217",2014,"Alliance PD","Box Butte",14,1,0,0,6,1,1,0,1,0,8502,2.5,0,313,15,0,0.0368148670900964,1
"218",2014,"Beatrice PD","Gage",17,3,0,0,10,2,0,0,0,0,12092,2.5,0,607,20,0,0.050198478332782,1
"219",2014,"Bellevue PD","Sarpy",87,6,0,0,16,6,3,0,1,1,54251,2,0,1716,93,0,0.0316307533501687,3
"220",2014,"Blair PD","Washington",15,1,2,0,3,2,1,3,0,0,7986,2.4,0,183,16,2,0.0229151014274981,1
"221",2014,"Chadron PD","Dawes",14,0,0,0,7,0,0,0,0,0,5773,3.6,0,188,14,0,0.0325653906114672,-3
"222",2014,"Columbus PD","Platte",32,4,0,0,14,1,0,0,0,1,22614,2.2,0,525,36,0,0.0232157070841072,0
"223",2014,"Crete PD","Saline",9,3,3,0,5,2,0,0,0,0,7171,2.4,0,352,12,3,0.0490865988007251,0
"224",2014,"Fremont PD","Dodge",33,1,1,0,5,1,5,1,1,0,26322,1.5,3,1018,34,1,0.0386748727300357,1
"225",2014,"Gering PD","Scotts Bluff",16,0,0,0,3,0,0,0,0,0,8469,2.2,0,245,16,0,0.0289290353052308,0
"226",2014,"Grand Island PD","Hall",80,7,0,0,16,7,0,0,0,1,50999,2,0,2929,87,0,0.0574324986764446,0
"227",2014,"Hastings PD","Adams",32,4,0,0,16,2,2,0,0,0,25070,2.1,0,1355,36,0,0.0540486637415237,3
"228",2014,"Holdrege PD","Phelps",10,0,0,0,5,0,0,0,0,0,5536,2.7,0,199,10,0,0.0359465317919075,-1
"229",2014,"Kearney PD","Buffalo",49,2,0,0,13,0,3,0,0,0,32513,2,0,1073,51,0,0.0330021837418879,4
"230",2014,"LaVista PD","Sarpy",32,3,0,0,5,1,0,0,0,0,17955,2.2,0,397,35,0,0.0221108326371484,-3
"231",2014,"Lexington PD","Dawson",19,0,0,0,2,0,0,0,0,0,10195,2.1,0,422,19,0,0.0413928396272683,0
"232",2014,"Lincoln PD","Lancaster",266,54,0,0,140,11,3,0,15,0,271208,1.7,0,13722,320,0,0.0505958526297159,4
"233",2014,"McCook PD","Red Willow",13,2,0,0,5,2,1,0,0,0,7697,2.6,0,333,15,0,0.043263609198389,1
"234",2014,"Nebraska City PD","Otoe",13,1,0,0,1,0,0,0,0,0,7243,2.1,0,397,14,0,0.0548115421786553,0
"235",2014,"Norfolk PD","Madison",37,0,0,0,17,0,3,0,0,0,24588,2.2,0,822,37,0,0.0334309419228892,0
"236",2014,"North Platte PD","Lincoln",39,2,0,0,25,1,0,0,1,0,24490,2.7,0,1701,41,0,0.0694569211923234,0
"237",2014,"Omaha PD","Douglas",646,147,33,8,135,26,11,0,23,0,438465,2.1,0,25706,793,41,0.0586272564514842,0
"238",2014,"Papillion PD","Sarpy",34,4,0,0,4,1,2,0,0,0,22606,1.9,0,464,38,0,0.0205255241971158,0
"239",2014,"Plattsmouth PD","Cass",13,1,0,0,3,0,0,0,0,0,6460,2.6,3,175,14,0,0.0270897832817337,0
"240",2014,"Ralston PD","Sarpy",13,1,0,0,2,0,0,0,0,0,7586,2.1,0,298,14,0,0.0392828895333509,0
"241",2014,"Schuyler PD","Colfax",6,1,0,0,2,0,2,0,0,0,6122,1.5,0,0,7,0,0,0
"242",2014,"Scottsbluff PD","Scotts Bluff",27,3,0,0,5,0,1,0,0,0,15009,2.3,0,815,30,0,0.0543007528816044,0
"243",2014,"Seward PD","Seward",9,1,1,0,2,0,1,0,0,0,7155,1.7,0,125,10,1,0.0174703004891684,0
"244",2014,"Sidney PD","Cheyenne",11,1,0,0,2,0,2,0,0,0,6853,2,0,280,12,0,0.0408580183861083,0
"245",2014,"So Sioux City PD","Dakota",26,1,0,0,1,1,0,0,0,0,13436,2.1,0,594,27,0,0.044209586186365,0
"246",2014,"Wayne PD","Wayne",7,0,1,0,3,1,1,0,0,0,5511,1.8,0,0,7,1,0,0
"247",2014,"York PD","York",15,0,0,0,6,0,0,0,0,0,8012,2.6,0,269,15,0,0.0335746380429356,0
"248",2015,"Alliance PD","Box Butte",14,2,1,5,0,0,0,0,0,0,8502,1.9,0,316,16,6,0.0371677252411197,-2
"249",2015,"Beatrice PD","Gage",17,4,5,8,0,0,1,0,0,0,12092,1.7,0,528,21,13,0.043665233212041,1
"250",2015,"Bellevue PD","Sarpy",88,8,4,10,0,6,1,0,1,0,54251,1.8,0,1736,96,14,0.0319994101491217,-4
"251",2015,"Blair PD","Washington",16,1,0,2,1,1,0,2,0,0,7986,2.1,0,216,17,2,0.0270473328324568,0
"252",2015,"Chadron PD","Dawes",11,0,4,2,0,1,4,0,0,0,5773,1.9,0,227,11,6,0.0393209769617183,4
"253",2015,"Columbus PD","Platte",32,4,3,11,0,1,0,0,0,0,22614,1.6,0,502,36,14,0.0221986380118511,-3
"254",2015,"Crete PD","Saline",9,3,0,0,3,1,0,0,0,0,7171,1.7,0,292,12,0,0.0407195649142379,0
"255",2015,"Fremont PD","Dodge",33,2,0,5,2,1,3,0,0,0,26322,1.3,3,1024,35,5,0.0389028189347314,2
"256",2015,"Gering PD","Scotts Bluff",16,0,0,3,0,0,0,0,0,0,8469,1.9,0,158,16,3,0.0186562758294958,0
"257",2015,"Grand Island PD","Hall",80,7,3,14,0,5,0,0,0,1,50999,1.7,0,2213,87,17,0.0433930077060335,-2
"258",2015,"Hastings PD","Adams",34,5,1,16,0,2,0,0,0,0,25070,1.6,0,1213,39,17,0.0483845233346629,0
"259",2015,"Holdrege PD","Phelps",9,0,1,5,0,0,1,0,0,0,5536,1.6,0,187,9,6,0.033778901734104,1
"260",2015,"Kearney PD","Buffalo",52,3,6,8,0,0,0,0,0,0,32513,1.7,0,1200,55,14,0.0369083135976379,1
"261",2015,"LaVista PD","Sarpy",30,2,1,4,0,1,2,0,0,0,17955,1.8,0,318,32,5,0.0177109440267335,2
"262",2015,"Lexington PD","Dawson",19,0,0,2,0,0,1,0,0,0,10195,1.9,0,396,19,2,0.0388425698871996,2
"263",2015,"Lincoln PD","Lancaster",273,51,59,99,0,5,0,0,0,0,271208,1.2,0,13799,324,158,0.0508797675584791,3
"264",2015,"McCook PD","Red Willow",15,1,1,4,0,1,0,0,0,1,7697,2.1,0,286,16,5,0.037157334026244,0
"265",2015,"Nebraska City PD","Otoe",13,1,0,1,0,0,0,0,0,0,7243,1.9,0,263,14,1,0.0363109208891343,0
"266",2015,"Norfolk PD","Madison",39,1,3,14,0,0,0,0,0,0,24588,1.6,0,762,40,17,0.0309907271839922,0
"267",2015,"North Platte PD","Lincoln",37,2,3,21,0,2,2,0,1,0,24490,1.6,0,1469,39,24,0.0599836668027766,0
"268",2015,"Omaha PD","Douglas",675,151,40,97,42,25,7,0,18,0,438465,1.9,0,23942,826,137,0.0546041303182694,0
"269",2015,"Papillion PD","Sarpy",35,5,1,3,0,1,2,0,0,0,22606,1.8,0,541,40,4,0.0239316995487924,0
"270",2015,"Plattsmouth PD","Cass",13,1,0,3,0,0,0,0,0,0,6460,2.2,3,220,14,3,0.0340557275541796,0
"271",2015,"Ralston PD","Sarpy",13,1,0,2,0,0,0,0,0,0,7586,1.8,0,246,14,2,0.0324281571315581,0
"272",2015,"Schuyler PD","Colfax",5,0,0,2,0,0,3,0,0,0,6122,0.8,0,0,5,2,0,0
"273",2015,"Scottsbluff PD","Scotts Bluff",27,3,1,4,0,0,1,0,0,0,15009,2,0,814,30,5,0.0542341261909521,0
"274",2015,"Seward PD","Seward",11,1,0,1,2,0,0,0,0,0,7155,1.7,0,92,12,1,0.012858141160028,0
"275",2015,"Sidney PD","Cheyenne",12,2,0,2,0,0,0,0,0,0,6853,2,0,250,14,2,0.0364803735590252,0
"276",2015,"So Sioux City PD","Dakota",26,1,0,1,0,1,0,0,0,0,13436,2,0,540,27,1,0.0401905328966954,0
"277",2015,"Wayne PD","Wayne",7,0,2,1,1,1,1,0,2,0,5511,1.3,0,0,7,3,0,0
"278",2015,"York PD","York",15,0,1,5,0,0,0,0,0,0,8012,1.9,0,197,15,6,0.0245881178232651,0
"279",2016,"Alliance PD","Box Butte",12,2,0,7,0,1,2,0,1,0,8529,1.6,0,235,14,7,0.0275530542853793,0
"280",2016,"Beatrice PD","Gage",18,4,6,7,0,2,0,0,0,0,11965,1.8,0,492,22,13,0.0411199331383201,0
"281",2016,"Bellevue PD","Sarpy",84,8,5,11,0,4,5,0,0,0,54595,1.7,0,1782,92,16,0.0326403516805568,0
"282",2016,"Blair PD","Washington",16,1,0,2,1,1,0,0,0,0,7981,2.1,0,192,17,2,0.024057135697281,0
"283",2016,"Chadron PD","Dawes",14,1,4,2,0,1,0,0,0,1,5748,2.6,0,190,15,6,0.0330549756437022,0
"284",2016,"Columbus PD","Platte",28,5,3,13,0,1,3,0,0,0,22735,1.5,0,645,33,16,0.0283703540796129,0
"285",2016,"Crete PD","Saline",9,3,0,1,3,2,0,0,0,0,7045,1.7,0,250,12,1,0.035486160397445,0
"286",2016,"Fremont PD","Dodge",34,3,0,5,2,1,2,0,0,0,26521,1.4,2,1026,37,5,0.0386863240450963,0
"287",2016,"Gering PD","Scotts Bluff",15,1,0,2,0,0,2,0,0,0,8335,1.9,0,197,16,2,0.0236352729454109,0
"288",2016,"Grand Island PD","Hall",78,7,3,14,0,4,2,0,0,0,51861,1.6,0,2522,85,17,0.0486299917086057,0
"289",2016,"Hastings PD","Adams",33,6,1,13,0,4,0,0,0,0,24849,1.6,0,1360,39,14,0.0547305726588595,0
"290",2016,"Holdrege PD","Phelps",9,1,1,5,0,0,0,0,0,0,5512,1.8,0,206,10,6,0.0373730043541364,0
"291",2016,"Kearney PD","Buffalo",53,3,13,0,0,0,0,0,0,0,32885,1.7,0,1183,56,13,0.0359738482590847,0
"292",2016,"LaVista PD","Sarpy",31,3,1,4,0,1,1,0,0,0,18049,1.9,0,367,34,5,0.0203335364840157,0
"293",2016,"Lexington PD","Dawson",21,0,0,2,0,0,0,0,0,0,10122,2.1,0,340,21,2,0.0335901995653033,0
"294",2016,"Lincoln PD","Lancaster",278,49,50,88,0,10,1,0,0,0,276585,1.2,0,13255,327,138,0.0479237847316377,0
"295",2016,"Madison PD","Madison",3,0,1,0,2,0,0,0,3,0,8389,0.4,0,31,3,1,0.00369531529383717,0
"296",2016,"Norfolk PD","Madison",39,1,3,14,0,0,0,0,0,0,24490,1.6,0,589,40,17,0.0240506329113924,0
"297",2016,"North Platte PD","Lincoln",38,2,22,3,0,2,1,0,0,0,24231,1.7,0,1346,40,25,0.0555486773141843,0
"298",2016,"Omaha PD","Douglas",700,148,42,98,37,24,3,0,24,0,452252,1.9,0,26133,848,140,0.0577841557361825,0
"299",2016,"Plattsmouth PD","Cass",13,1,0,3,0,0,0,0,0,0,6484,2.2,2,174,14,3,0.026835286859963,0
"300",2016,"Ralston PD","Sarpy",13,1,0,2,0,1,0,0,0,0,7581,1.8,0,305,14,2,0.0402321593457328,0
"301",2016,"Schuyler PD","Colfax",8,0,0,2,1,0,0,0,0,0,6155,1.3,0,0,8,2,0,0
"302",2016,"Scottsbluff PD","Scotts Bluff",27,3,4,1,0,0,1,0,0,0,14825,2,0,912,30,5,0.0615177065767285,0
"303",2016,"Sidney PD","Cheyenne",12,2,0,2,0,0,0,0,0,0,6960,2,0,202,14,2,0.0290229885057471,0
"304",2016,"Wayne PD","Wayne",7,0,2,2,0,0,1,1,1,0,5554,1.3,0,0,7,4,0,0
"305",2016,"York PD","York",16,0,1,5,0,0,0,0,0,0,8008,2,0,250,16,6,0.0312187812187812,0
